time,signal,lin_signal
1,135,0.000135
2,135,0.000135
3,135,0.000135
4,137,0.000137
5,137,0.000137
6,137,0.000137
7,137,0.000137
8,139,0.000139
9,139,0.000139
10,144,0.000144
11,144,0.000144
12,141,0.00014099999999999998
13,141,0.00014099999999999998
14,148,0.000148
15,148,0.000148
16,145,0.000145
17,145,0.000145
18,143,0.000143
19,143,0.000143
20,146,0.000146
21,146,0.000146
22,148,0.000148
23,148,0.000148
24,145,0.000145
25,145,0.000145
26,147,0.000147
27,147,0.000147
28,152,0.00015199999999999998
29,152,0.00015199999999999998
30,154,0.000154
31,154,0.000154
32,152,0.00015199999999999998
33,152,0.00015199999999999998
34,151,0.00015099999999999998
35,151,0.00015099999999999998
36,152,0.00015199999999999998
37,152,0.00015199999999999998
38,155,0.000155
39,155,0.000155
40,154,0.000154
41,154,0.000154
42,156,0.000156
43,156,0.000156
44,157,0.000157
45,157,0.000157
46,159,0.000159
47,159,0.000159
48,161,0.00016099999999999998
49,161,0.00016099999999999998
50,163,0.000163
51,163,0.000163
52,164,0.000164
53,164,0.000164
54,167,0.000167
55,167,0.000167
56,166,0.000166
57,166,0.000166
58,166,0.000166
59,166,0.000166
60,167,0.000167
61,167,0.000167
62,168,0.000168
63,168,0.000168
64,168,0.000168
65,168,0.000168
66,169,0.000169
67,169,0.000169
68,171,0.00017099999999999998
69,171,0.00017099999999999998
70,170,0.00016999999999999999
71,170,0.00016999999999999999
72,169,0.000169
73,169,0.000169
74,168,0.000168
75,168,0.000168
76,168,0.000168
77,168,0.000168
78,171,0.00017099999999999998
79,171,0.00017099999999999998
80,168,0.000168
81,168,0.000168
82,169,0.000169
83,169,0.000169
84,176,0.000176
85,176,0.000176
86,171,0.00017099999999999998
87,171,0.00017099999999999998
88,172,0.00017199999999999998
89,172,0.00017199999999999998
90,168,0.000168
91,168,0.000168
92,169,0.000169
93,169,0.000169
94,173,0.000173
95,173,0.000173
96,171,0.00017099999999999998
97,171,0.00017099999999999998
98,171,0.00017099999999999998
99,171,0.00017099999999999998
100,173,0.000173
101,173,0.000173
102,176,0.000176
103,176,0.000176
104,173,0.000173
105,173,0.000173
106,171,0.00017099999999999998
107,171,0.00017099999999999998
108,169,0.000169
109,169,0.000169
110,170,0.00016999999999999999
111,170,0.00016999999999999999
112,170,0.00016999999999999999
113,170,0.00016999999999999999
114,174,0.000174
115,174,0.000174
116,176,0.000176
117,176,0.000176
118,173,0.000173
119,173,0.000173
120,176,0.000176
121,176,0.000176
122,177,0.000177
123,177,0.000177
124,174,0.000174
125,174,0.000174
126,177,0.000177
127,177,0.000177
128,180,0.00017999999999999998
129,180,0.00017999999999999998
130,183,0.000183
131,183,0.000183
132,184,0.000184
133,184,0.000184
134,191,0.00019099999999999998
135,191,0.00019099999999999998
136,191,0.00019099999999999998
137,191,0.00019099999999999998
138,188,0.000188
139,188,0.000188
140,188,0.000188
141,188,0.000188
142,188,0.000188
143,188,0.000188
144,194,0.000194
145,194,0.000194
146,198,0.000198
147,198,0.000198
148,203,0.000203
149,203,0.000203
150,205,0.000205
151,205,0.000205
152,206,0.000206
153,206,0.000206
154,209,0.00020899999999999998
155,209,0.00020899999999999998
156,216,0.000216
157,216,0.000216
158,220,0.00021999999999999998
159,220,0.00021999999999999998
160,218,0.00021799999999999999
161,218,0.00021799999999999999
162,223,0.000223
163,223,0.000223
164,228,0.00022799999999999999
165,228,0.00022799999999999999
166,236,0.000236
167,236,0.000236
168,240,0.00023999999999999998
169,240,0.00023999999999999998
170,248,0.000248
171,248,0.000248
172,252,0.000252
173,252,0.000252
174,259,0.000259
175,259,0.000259
176,272,0.000272
177,272,0.000272
178,280,0.00028
179,280,0.00028
180,284,0.00028399999999999996
181,284,0.00028399999999999996
182,287,0.000287
183,287,0.000287
184,301,0.000301
185,301,0.000301
186,303,0.000303
187,303,0.000303
188,313,0.00031299999999999996
189,313,0.00031299999999999996
190,329,0.000329
191,329,0.000329
192,340,0.00033999999999999997
193,340,0.00033999999999999997
194,359,0.000359
195,359,0.000359
196,369,0.00036899999999999997
197,369,0.00036899999999999997
198,387,0.000387
199,387,0.000387
200,395,0.000395
201,395,0.000395
202,406,0.000406
203,406,0.000406
204,422,0.00042199999999999996
205,422,0.00042199999999999996
206,438,0.00043799999999999997
207,438,0.00043799999999999997
208,461,0.000461
209,461,0.000461
210,493,0.000493
211,493,0.000493
212,505,0.000505
213,505,0.000505
214,531,0.000531
215,531,0.000531
216,554,0.000554
217,554,0.000554
218,595,0.0005949999999999999
219,595,0.0005949999999999999
220,629,0.000629
221,629,0.000629
222,655,0.000655
223,655,0.000655
224,699,0.000699
225,699,0.000699
226,735,0.000735
227,735,0.000735
228,782,0.0007819999999999999
229,782,0.0007819999999999999
230,824,0.000824
231,824,0.000824
232,866,0.0008659999999999999
233,866,0.0008659999999999999
234,921,0.0009209999999999999
235,921,0.0009209999999999999
236,101,0.0010099999999999998
237,101,0.0010099999999999998
238,103,0.0010299999999999999
239,103,0.0010299999999999999
240,110,0.0010999999999999998
241,110,0.0010999999999999998
242,117,0.0011699999999999998
243,117,0.0011699999999999998
244,125,0.0012499999999999998
245,125,0.0012499999999999998
246,133,0.0013299999999999998
247,133,0.0013299999999999998
248,139,0.00139
249,139,0.00139
250,149,0.0014899999999999998
251,149,0.0014899999999999998
252,159,0.0015899999999999998
253,159,0.0015899999999999998
254,169,0.0016899999999999999
255,169,0.0016899999999999999
256,183,0.0018299999999999998
257,183,0.0018299999999999998
258,195,0.00195
259,195,0.00195
260,210,0.0021
261,210,0.0021
262,221,0.0022099999999999997
263,221,0.0022099999999999997
264,235,0.0023499999999999997
265,235,0.0023499999999999997
266,251,0.0025099999999999996
267,251,0.0025099999999999996
268,251,0.0025099999999999996
269,270,0.0026999999999999997
270,270,0.0026999999999999997
271,288,0.0028799999999999997
272,288,0.0028799999999999997
273,311,0.00311
274,311,0.00311
275,332,0.0033199999999999996
276,332,0.0033199999999999996
277,354,0.0035399999999999997
278,354,0.0035399999999999997
279,378,0.0037799999999999995
280,378,0.0037799999999999995
281,403,0.00403
282,403,0.00403
283,434,0.004339999999999999
284,434,0.004339999999999999
285,459,0.0045899999999999995
286,459,0.0045899999999999995
287,486,0.00486
288,486,0.00486
289,515,0.005149999999999999
290,515,0.005149999999999999
291,552,0.00552
292,552,0.00552
293,584,0.00584
294,584,0.00584
295,626,0.006259999999999999
296,626,0.006259999999999999
297,667,0.00667
298,667,0.00667
299,702,0.007019999999999999
300,702,0.007019999999999999
301,745,0.007449999999999999
302,745,0.007449999999999999
303,793,0.00793
304,793,0.00793
305,843,0.00843
306,843,0.00843
307,894,0.00894
308,894,0.00894
309,161,0.0161
310,161,0.0161
311,109,0.010899999999999998
312,109,0.010899999999999998
313,112,0.011199999999999998
314,112,0.011199999999999998
315,119,0.011899999999999999
316,119,0.011899999999999999
317,130,0.013
318,130,0.013
319,135,0.013499999999999998
320,135,0.013499999999999998
321,145,0.014499999999999999
322,145,0.014499999999999999
323,154,0.015399999999999999
324,154,0.015399999999999999
325,169,0.0169
326,169,0.0169
327,176,0.017599999999999998
328,176,0.017599999999999998
329,186,0.0186
330,186,0.0186
331,200,0.019999999999999997
332,200,0.019999999999999997
333,212,0.021199999999999997
334,212,0.021199999999999997
335,222,0.022199999999999998
336,222,0.022199999999999998
337,239,0.023899999999999998
338,239,0.023899999999999998
339,260,0.026
340,260,0.026
341,273,0.027299999999999998
342,273,0.027299999999999998
343,290,0.028999999999999998
344,290,0.028999999999999998
345,307,0.030699999999999998
346,307,0.030699999999999998
347,327,0.0327
348,327,0.0327
349,344,0.0344
350,344,0.0344
351,371,0.037099999999999994
352,371,0.037099999999999994
353,388,0.038799999999999994
354,388,0.038799999999999994
355,418,0.0418
356,418,0.0418
357,444,0.044399999999999995
358,444,0.044399999999999995
359,473,0.047299999999999995
360,473,0.047299999999999995
361,500,0.049999999999999996
362,500,0.049999999999999996
363,527,0.0527
364,527,0.0527
365,563,0.056299999999999996
366,563,0.056299999999999996
367,597,0.059699999999999996
368,597,0.059699999999999996
369,636,0.06359999999999999
370,636,0.06359999999999999
371,669,0.06689999999999999
372,669,0.06689999999999999
373,719,0.07189999999999999
374,719,0.07189999999999999
375,760,0.076
376,760,0.076
377,803,0.0803
378,803,0.0803
379,860,0.086
380,860,0.086
381,914,0.0914
382,914,0.0914
383,99,0.099
384,99,0.099
385,102,0.10200000000000001
386,102,0.10200000000000001
387,108,0.108
388,108,0.108
389,114,0.114
390,114,0.114
391,121,0.121
392,121,0.121
393,129,0.129
394,129,0.129
395,137,0.137
396,137,0.137
397,145,0.145
398,145,0.145
399,155,0.155
400,155,0.155
401,165,0.165
402,165,0.165
403,174,0.17400000000000002
404,174,0.17400000000000002
405,185,0.185
406,185,0.185
407,196,0.196
408,196,0.196
409,208,0.20800000000000002
410,208,0.20800000000000002
411,221,0.221
412,221,0.221
413,235,0.23500000000000001
414,235,0.23500000000000001
415,251,0.251
416,251,0.251
417,266,0.266
418,266,0.266
419,283,0.28300000000000003
420,283,0.28300000000000003
421,299,0.299
422,299,0.299
423,318,0.318
424,318,0.318
425,338,0.338
426,338,0.338
427,360,0.36
428,360,0.36
429,381,0.381
430,381,0.381
431,405,0.405
432,405,0.405
433,430,0.43
434,430,0.43
435,457,0.457
436,457,0.457
437,486,0.486
438,486,0.486
439,516,0.516
440,516,0.516
441,547,0.547
442,547,0.547
443,580,0.58
444,580,0.58
445,616,0.616
446,616,0.616
447,654,0.654
448,654,0.654
449,696,0.6960000000000001
450,696,0.6960000000000001
451,739,0.739
452,739,0.739
453,784,0.784
454,784,0.784
455,831,0.8310000000000001
456,831,0.8310000000000001
457,882,0.882
458,882,0.882
459,936,0.936
460,936,0.936
461,102,1.02
462,102,1.02
463,107,1.07
464,107,1.07
465,113,1.1300000000000001
466,113,1.1300000000000001
467,120,1.2
468,120,1.2
469,127,1.27
470,127,1.27
471,135,1.35
472,135,1.35
473,142,1.42
474,142,1.42
475,151,1.51
476,151,1.51
477,161,1.61
478,161,1.61
479,171,1.71
480,171,1.71
481,181,1.81
482,181,1.81
483,192,1.92
484,192,1.92
485,203,2.0300000000000002
486,203,2.0300000000000002
487,216,2.16
488,216,2.16
489,229,2.29
490,229,2.29
491,244,2.44
492,244,2.44
493,258,2.58
494,258,2.58
495,274,2.74
496,274,2.74
497,291,2.91
498,291,2.91
499,309,3.09
500,309,3.09
501,328,3.2800000000000002
502,328,3.2800000000000002
503,348,3.48
504,348,3.48
505,369,3.69
506,369,3.69
507,392,3.92
508,392,3.92
509,415,4.15
510,415,4.15
511,441,4.41
512,441,4.41
513,469,4.69
514,469,4.69
515,497,4.97
516,497,4.97
517,527,5.2700000000000005
518,527,5.2700000000000005
519,559,5.59
520,559,5.59
521,593,5.93
522,593,5.93
523,628,6.28
524,628,6.28
525,664,6.640000000000001
526,664,6.640000000000001
527,702,7.0200000000000005
528,702,7.0200000000000005
529,741,7.41
530,741,7.41
531,781,7.8100000000000005
532,781,7.8100000000000005
533,821,8.21
534,821,8.21
535,861,8.61
536,861,8.61
537,903,9.03
538,903,9.03
539,483,48.300000000000004
540,483,48.300000000000004
541,102,102.0
542,102,102.0
543,106,106.0
544,106,106.0
545,109,109.0
546,109,109.0
547,113,113.0
548,113,113.0
549,117,117.0
550,117,117.0
551,121,121.0
552,121,121.0
553,125,125.0
554,125,125.0
555,129,129.0
556,129,129.0
557,132,132.0
558,132,132.0
559,135,135.0
560,135,135.0
561,138,138.0
562,138,138.0
563,140,140.0
564,140,140.0
565,144,144.0
566,144,144.0
567,148,148.0
568,148,148.0
569,153,153.0
570,153,153.0
571,157,157.0
572,157,157.0
573,162,162.0
574,162,162.0
575,166,166.0
576,166,166.0
577,171,171.0
578,171,171.0
579,176,176.0
580,176,176.0
581,181,181.0
582,181,181.0
583,187,187.0
584,187,187.0
585,193,193.0
586,193,193.0
587,199,199.0
588,199,199.0
589,205,205.0
590,205,205.0
591,211,211.0
592,211,211.0
593,217,217.0
594,217,217.0
595,223,223.0
596,223,223.0
597,228,228.0
598,228,228.0
599,232,232.0
600,232,232.0
601,236,236.0
602,236,236.0
603,242,242.0
604,242,242.0
605,247,247.0
606,247,247.0
607,254,254.0
608,254,254.0
609,261,261.0
610,261,261.0
611,267,267.0
612,267,267.0
613,273,273.0
614,273,273.0
615,280,280.0
616,280,280.0
617,287,287.0
618,287,287.0
619,295,295.0
620,295,295.0
621,303,303.0
622,303,303.0
623,311,311.0
624,311,311.0
625,319,319.0
626,319,319.0
627,325,325.0
628,325,325.0
629,330,330.0
630,330,330.0
631,333,333.0
632,333,333.0
633,335,335.0
634,335,335.0
635,336,336.0
636,336,336.0
637,336,336.0
638,336,336.0
639,338,338.0
640,338,338.0
641,342,342.0
642,342,342.0
643,346,346.0
644,346,346.0
645,350,350.0
646,350,350.0
647,355,355.0
648,355,355.0
649,360,360.0
650,360,360.0
651,364,364.0
652,364,364.0
653,369,369.0
654,369,369.0
655,373,373.0
656,373,373.0
657,378,378.0
658,378,378.0
659,384,384.0
660,384,384.0
661,390,390.0
662,390,390.0
663,395,395.0
664,395,395.0
665,401,401.0
666,401,401.0
667,407,407.0
668,407,407.0
669,412,412.0
670,412,412.0
671,418,418.0
672,418,418.0
673,424,424.0
674,424,424.0
675,430,430.0
676,430,430.0
677,437,437.0
678,437,437.0
679,443,443.0
680,443,443.0
681,449,449.0
682,449,449.0
683,456,456.0
684,456,456.0
685,462,462.0
686,462,462.0
687,469,469.0
688,469,469.0
689,482,482.0
690,482,482.0
691,496,496.0
692,496,496.0
693,507,507.0
694,507,507.0
695,518,518.0
696,518,518.0
697,529,529.0
698,529,529.0
699,535,535.0
700,535,535.0
701,539,539.0
702,539,539.0
703,542,542.0
704,542,542.0
705,548,548.0
706,548,548.0
707,555,555.0
708,555,555.0
709,562,562.0
710,562,562.0
711,570,570.0
712,570,570.0
713,578,578.0
714,578,578.0
715,585,585.0
716,585,585.0
717,593,593.0
718,593,593.0
719,601,601.0
720,601,601.0
721,609,609.0
722,609,609.0
723,618,618.0
724,618,618.0
725,627,627.0
726,627,627.0
727,633,633.0
728,633,633.0
729,633,633.0
730,633,633.0
731,631,631.0
732,631,631.0
733,634,634.0
734,634,634.0
735,638,638.0
736,638,638.0
737,642,642.0
738,642,642.0
739,647,647.0
740,647,647.0
741,651,651.0
742,651,651.0
743,656,656.0
744,656,656.0
745,662,662.0
746,662,662.0
747,668,668.0
748,668,668.0
749,674,674.0
750,674,674.0
751,680,680.0
752,680,680.0
753,685,685.0
754,685,685.0
755,691,691.0
756,691,691.0
757,697,697.0
758,697,697.0
759,703,703.0
760,703,703.0
761,709,709.0
762,709,709.0
763,715,715.0
764,715,715.0
765,722,722.0
766,722,722.0
767,728,728.0
768,728,728.0
769,732,732.0
770,732,732.0
771,731,731.0
772,731,731.0
773,729,729.0
774,729,729.0
775,732,732.0
776,732,732.0
777,734,734.0
778,734,734.0
779,737,737.0
780,737,737.0
781,740,740.0
782,740,740.0
783,744,744.0
784,744,744.0
785,748,748.0
786,748,748.0
787,752,752.0
788,752,752.0
789,756,756.0
790,756,756.0
791,757,757.0
792,757,757.0
793,758,758.0
794,758,758.0
795,758,758.0
796,758,758.0
797,760,760.0
798,760,760.0
799,765,765.0
800,765,765.0
801,768,768.0
802,768,768.0
803,774,774.0
804,774,774.0
805,777,777.0
806,777,777.0
807,781,781.0
808,781,781.0
809,785,785.0
810,785,785.0
811,789,789.0
812,789,789.0
813,793,793.0
814,793,793.0
815,797,797.0
816,797,797.0
817,799,799.0
818,799,799.0
819,802,802.0
820,802,802.0
821,805,805.0
822,805,805.0
823,809,809.0
824,809,809.0
825,813,813.0
826,813,813.0
827,811,811.0
828,811,811.0
829,804,804.0
830,804,804.0
831,803,803.0
832,803,803.0
833,803,803.0
834,803,803.0
835,804,804.0
836,804,804.0
837,806,806.0
838,806,806.0
839,807,807.0
840,807,807.0
841,807,807.0
842,807,807.0
843,808,808.0
844,808,808.0
845,809,809.0
846,809,809.0
847,811,811.0
848,811,811.0
849,804,804.0
850,804,804.0
851,794,794.0
852,794,794.0
853,789,789.0
854,789,789.0
855,785,785.0
856,785,785.0
857,782,782.0
858,782,782.0
859,780,780.0
860,780,780.0
861,778,778.0
862,778,778.0
863,776,776.0
864,776,776.0
865,775,775.0
866,775,775.0
867,774,774.0
868,774,774.0
869,773,773.0
870,773,773.0
871,771,771.0
872,771,771.0
873,770,770.0
874,770,770.0
875,774,774.0
876,774,774.0
877,784,784.0
878,784,784.0
879,796,796.0
880,796,796.0
881,804,804.0
882,804,804.0
883,812,812.0
884,812,812.0
885,818,818.0
886,818,818.0
887,823,823.0
888,823,823.0
889,827,827.0
890,827,827.0
891,831,831.0
892,831,831.0
893,837,837.0
894,837,837.0
895,838,838.0
896,838,838.0
897,832,832.0
898,832,832.0
899,823,823.0
900,823,823.0
901,813,813.0
902,813,813.0
903,805,805.0
904,805,805.0
905,798,798.0
906,798,798.0
907,794,794.0
908,794,794.0
909,790,790.0
910,790,790.0
911,787,787.0
912,787,787.0
913,784,784.0
914,784,784.0
915,781,781.0
916,781,781.0
917,779,779.0
918,779,779.0
919,776,776.0
920,776,776.0
921,775,775.0
922,775,775.0
923,773,773.0
924,773,773.0
925,775,775.0
926,775,775.0
927,782,782.0
928,782,782.0
929,784,784.0
930,784,784.0
931,787,787.0
932,787,787.0
933,788,788.0
934,788,788.0
935,791,791.0
936,791,791.0
937,793,793.0
938,793,793.0
939,797,797.0
940,797,797.0
941,798,798.0
942,798,798.0
943,799,799.0
944,799,799.0
945,800,800.0
946,800,800.0
947,799,799.0
948,799,799.0
949,800,800.0
950,800,800.0
951,801,801.0
952,801,801.0
953,802,802.0
954,802,802.0
955,803,803.0
956,803,803.0
957,803,803.0
958,803,803.0
959,803,803.0
960,803,803.0
961,803,803.0
962,803,803.0
963,804,804.0
964,804,804.0
965,803,803.0
966,803,803.0
967,797,797.0
968,797,797.0
969,795,795.0
970,795,795.0
971,793,793.0
972,793,793.0
973,793,793.0
974,793,793.0
975,792,792.0
976,792,792.0
977,790,790.0
978,790,790.0
979,789,789.0
980,789,789.0
981,788,788.0
982,788,788.0
983,787,787.0
984,787,787.0
985,786,786.0
986,786,786.0
987,785,785.0
988,785,785.0
989,788,788.0
990,788,788.0
991,791,791.0
992,791,791.0
993,794,794.0
994,794,794.0
995,796,796.0
996,796,796.0
997,797,797.0
998,797,797.0
999,798,798.0
1000,798,798.0
1001,799,799.0
1002,799,799.0
1003,800,800.0
1004,800,800.0
1005,801,801.0
1006,801,801.0
1007,802,802.0
1008,802,802.0
1009,803,803.0
1010,803,803.0
1011,803,803.0
1012,803,803.0
1013,802,802.0
1014,802,802.0
1015,802,802.0
1016,802,802.0
1017,802,802.0
1018,802,802.0
1019,802,802.0
1020,802,802.0
1021,802,802.0
1022,802,802.0
1023,803,803.0
1024,803,803.0
1025,803,803.0
1026,803,803.0
1027,803,803.0
1028,803,803.0
1029,802,802.0
1030,802,802.0
1031,803,803.0
1032,803,803.0
1033,802,802.0
1034,802,802.0
1035,798,798.0
1036,798,798.0
1037,801,801.0
1038,801,801.0
1039,801,801.0
1040,801,801.0
1041,799,799.0
1042,799,799.0
1043,795,795.0
1044,795,795.0
1045,794,794.0
1046,794,794.0
1047,793,793.0
1048,793,793.0
1049,792,792.0
1050,792,792.0
1051,791,791.0
1052,791,791.0
1053,790,790.0
1054,790,790.0
1055,789,789.0
1056,789,789.0
1057,789,789.0
1058,789,789.0
1059,788,788.0
1060,788,788.0
1061,788,788.0
1062,788,788.0
1063,787,787.0
1064,787,787.0
1065,787,787.0
1066,787,787.0
1067,786,786.0
1068,786,786.0
1069,785,785.0
1070,785,785.0
1071,784,784.0
1072,784,784.0
1073,783,783.0
1074,783,783.0
1075,783,783.0
1076,783,783.0
1077,782,782.0
1078,782,782.0
1079,782,782.0
1080,782,782.0
1081,781,781.0
1082,781,781.0
1083,781,781.0
1084,781,781.0
1085,780,780.0
1086,780,780.0
1087,779,779.0
1088,779,779.0
1089,778,778.0
1090,778,778.0
1091,777,777.0
1092,777,777.0
1093,776,776.0
1094,776,776.0
1095,776,776.0
1096,776,776.0
1097,776,776.0
1098,776,776.0
1099,778,778.0
1100,778,778.0
1101,780,780.0
1102,780,780.0
1103,780,780.0
1104,780,780.0
1105,781,781.0
1106,781,781.0
1107,781,781.0
1108,781,781.0
1109,781,781.0
1110,781,781.0
1111,780,780.0
1112,780,780.0
1113,781,781.0
1114,781,781.0
1115,781,781.0
1116,781,781.0
1117,783,783.0
1118,783,783.0
1119,786,786.0
1120,786,786.0
1121,792,792.0
1122,792,792.0
1123,794,794.0
1124,794,794.0
1125,796,796.0
1126,796,796.0
1127,797,797.0
1128,797,797.0
1129,798,798.0
1130,798,798.0
1131,800,800.0
1132,800,800.0
1133,801,801.0
1134,801,801.0
1135,803,803.0
1136,803,803.0
1137,804,804.0
1138,804,804.0
1139,806,806.0
1140,806,806.0
1141,807,807.0
1142,807,807.0
1143,808,808.0
1144,808,808.0
1145,806,806.0
1146,806,806.0
1147,804,804.0
1148,804,804.0
1149,804,804.0
1150,804,804.0
1151,803,803.0
1152,803,803.0
1153,803,803.0
1154,803,803.0
1155,803,803.0
1156,803,803.0
1157,804,804.0
1158,804,804.0
1159,805,805.0
1160,805,805.0
1161,805,805.0
1162,805,805.0
1163,805,805.0
1164,805,805.0
1165,804,804.0
1166,804,804.0
1167,804,804.0
1168,804,804.0
1169,804,804.0
1170,804,804.0
1171,801,801.0
1172,801,801.0
1173,801,801.0
1174,801,801.0
1175,801,801.0
1176,801,801.0
1177,800,800.0
1178,800,800.0
1179,800,800.0
1180,800,800.0
1181,799,799.0
1182,799,799.0
1183,798,798.0
1184,798,798.0
1185,798,798.0
1186,798,798.0
1187,798,798.0
1188,798,798.0
1189,798,798.0
1190,798,798.0
1191,797,797.0
1192,797,797.0
1193,796,796.0
1194,796,796.0
1195,796,796.0
1196,796,796.0
1197,796,796.0
1198,796,796.0
1199,796,796.0
1200,796,796.0
1201,796,796.0
1202,796,796.0
1203,795,795.0
1204,795,795.0
1205,795,795.0
1206,795,795.0
1207,794,794.0
1208,794,794.0
1209,794,794.0
1210,794,794.0
1211,793,793.0
1212,793,793.0
1213,794,794.0
1214,794,794.0
1215,793,793.0
1216,793,793.0
1217,793,793.0
1218,793,793.0
1219,793,793.0
1220,793,793.0
1221,793,793.0
1222,793,793.0
1223,794,794.0
1224,794,794.0
1225,795,795.0
1226,795,795.0
1227,796,796.0
1228,796,796.0
1229,796,796.0
1230,796,796.0
1231,797,797.0
1232,797,797.0
1233,797,797.0
1234,797,797.0
1235,797,797.0
1236,797,797.0
1237,797,797.0
1238,797,797.0
1239,798,798.0
1240,798,798.0
1241,798,798.0
1242,798,798.0
1243,798,798.0
1244,798,798.0
1245,798,798.0
1246,798,798.0
1247,798,798.0
1248,798,798.0
1249,798,798.0
1250,798,798.0
1251,798,798.0
1252,798,798.0
1253,798,798.0
1254,798,798.0
1255,798,798.0
1256,798,798.0
1257,799,799.0
1258,799,799.0
1259,798,798.0
1260,798,798.0
1261,798,798.0
1262,798,798.0
1263,798,798.0
1264,798,798.0
1265,798,798.0
1266,798,798.0
1267,798,798.0
1268,798,798.0
1269,797,797.0
1270,797,797.0
1271,797,797.0
1272,797,797.0
1273,797,797.0
1274,797,797.0
1275,797,797.0
1276,797,797.0
1277,797,797.0
1278,797,797.0
1279,797,797.0
1280,797,797.0
1281,796,796.0
1282,796,796.0
1283,796,796.0
1284,796,796.0
1285,795,795.0
1286,795,795.0
1287,795,795.0
1288,795,795.0
1289,796,796.0
1290,796,796.0
1291,795,795.0
1292,795,795.0
1293,796,796.0
1294,796,796.0
1295,795,795.0
1296,795,795.0
1297,795,795.0
1298,795,795.0
1299,794,794.0
1300,794,794.0
1301,794,794.0
1302,794,794.0
1303,794,794.0
1304,794,794.0
1305,793,793.0
1306,793,793.0
1307,793,793.0
1308,793,793.0
1309,793,793.0
1310,793,793.0
1311,793,793.0
1312,793,793.0
1313,793,793.0
1314,793,793.0
1315,793,793.0
1316,793,793.0
1317,793,793.0
1318,793,793.0
1319,793,793.0
1320,793,793.0
1321,792,792.0
1322,792,792.0
1323,792,792.0
1324,792,792.0
1325,791,791.0
1326,791,791.0
1327,791,791.0
1328,791,791.0
1329,791,791.0
1330,791,791.0
1331,791,791.0
1332,791,791.0
1333,791,791.0
1334,791,791.0
1335,791,791.0
1336,791,791.0
1337,790,790.0
1338,790,790.0
1339,790,790.0
1340,790,790.0
1341,789,789.0
1342,789,789.0
1343,789,789.0
1344,789,789.0
1345,788,788.0
1346,788,788.0
1347,788,788.0
1348,788,788.0
1349,788,788.0
1350,788,788.0
1351,788,788.0
1352,788,788.0
1353,788,788.0
1354,788,788.0
1355,788,788.0
1356,788,788.0
1357,787,787.0
1358,787,787.0
1359,787,787.0
1360,787,787.0
1361,786,786.0
1362,786,786.0
1363,786,786.0
1364,787,787.0
1365,787,787.0
1366,786,786.0
1367,786,786.0
1368,786,786.0
1369,786,786.0
1370,786,786.0
1371,786,786.0
1372,786,786.0
1373,786,786.0
1374,785,785.0
1375,785,785.0
1376,785,785.0
1377,785,785.0
1378,785,785.0
1379,785,785.0
1380,785,785.0
1381,785,785.0
1382,784,784.0
1383,784,784.0
1384,784,784.0
1385,784,784.0
1386,784,784.0
1387,784,784.0
1388,784,784.0
1389,784,784.0
1390,784,784.0
1391,784,784.0
1392,783,783.0
1393,783,783.0
1394,782,782.0
1395,782,782.0
1396,781,781.0
1397,781,781.0
1398,781,781.0
1399,781,781.0
1400,781,781.0
1401,781,781.0
1402,781,781.0
1403,781,781.0
1404,781,781.0
1405,781,781.0
1406,785,785.0
1407,785,785.0
1408,789,789.0
1409,789,789.0
1410,795,795.0
1411,795,795.0
1412,797,797.0
1413,797,797.0
1414,800,800.0
1415,800,800.0
1416,801,801.0
1417,801,801.0
1418,803,803.0
1419,803,803.0
1420,804,804.0
1421,804,804.0
1422,806,806.0
1423,806,806.0
1424,807,807.0
1425,807,807.0
1426,808,808.0
1427,808,808.0
1428,810,810.0
1429,810,810.0
1430,812,812.0
1431,812,812.0
1432,813,813.0
1433,813,813.0
1434,814,814.0
1435,814,814.0
1436,814,814.0
1437,814,814.0
1438,814,814.0
1439,814,814.0
1440,814,814.0
1441,814,814.0
1442,814,814.0
1443,814,814.0
1444,814,814.0
1445,814,814.0
1446,815,815.0
1447,815,815.0
1448,815,815.0
1449,815,815.0
1450,816,816.0
1451,816,816.0
1452,816,816.0
1453,816,816.0
1454,817,817.0
1455,817,817.0
1456,817,817.0
1457,817,817.0
1458,818,818.0
1459,818,818.0
1460,819,819.0
1461,819,819.0
1462,820,820.0
1463,820,820.0
1464,818,818.0
1465,818,818.0
1466,815,815.0
1467,815,815.0
1468,814,814.0
1469,814,814.0
1470,810,810.0
1471,810,810.0
1472,803,803.0
1473,803,803.0
1474,796,796.0
1475,796,796.0
1476,790,790.0
1477,790,790.0
1478,787,787.0
1479,787,787.0
1480,786,786.0
1481,786,786.0
1482,786,786.0
1483,786,786.0
1484,784,784.0
1485,784,784.0
1486,783,783.0
1487,783,783.0
1488,787,787.0
1489,787,787.0
1490,791,791.0
1491,791,791.0
1492,792,792.0
1493,792,792.0
1494,792,792.0
1495,792,792.0
1496,793,793.0
1497,793,793.0
1498,793,793.0
1499,793,793.0
1500,794,794.0
1501,794,794.0
1502,794,794.0
1503,794,794.0
1504,794,794.0
1505,794,794.0
1506,794,794.0
1507,794,794.0
1508,794,794.0
1509,794,794.0
1510,793,793.0
1511,793,793.0
1512,793,793.0
1513,793,793.0
1514,793,793.0
1515,793,793.0
1516,793,793.0
1517,793,793.0
1518,793,793.0
1519,793,793.0
1520,793,793.0
1521,793,793.0
1522,793,793.0
1523,793,793.0
1524,792,792.0
1525,792,792.0
1526,795,795.0
1527,795,795.0
1528,799,799.0
1529,799,799.0
1530,803,803.0
1531,803,803.0
1532,806,806.0
1533,806,806.0
1534,808,808.0
1535,808,808.0
1536,810,810.0
1537,810,810.0
1538,811,811.0
1539,811,811.0
1540,813,813.0
1541,813,813.0
1542,812,812.0
1543,812,812.0
1544,808,808.0
1545,808,808.0
1546,804,804.0
1547,804,804.0
1548,803,803.0
1549,803,803.0
1550,799,799.0
1551,799,799.0
1552,798,798.0
1553,798,798.0
1554,797,797.0
1555,797,797.0
1556,797,797.0
1557,797,797.0
1558,795,795.0
1559,795,795.0
1560,795,795.0
